"AACountry Name,""Country Code"",""Indicator Name"",""Indicator Code"",""1960"",""1961"",""1962"",""1963"",""1964"",""1965"",""1966"",""1967"",""1968"",""1969"",""1970"",""1971"",""1972"",""1973"",""1974"",""1975"",""1976"",""1977"",""1978"",""1979"",""1980"",""1981"",""1982"",""1983"",""1984"",""1985"",""1986"",""1987"",""1988"",""1989"",""1990"",""1991"",""1992"",""1993"",""1994"",""1995"",""1996"",""1997"",""1998"",""1999"",""2000"",""2001"",""2002"",""2003"",""2004"",""2005"",""2006"",""2007"",""2008"",""2009"",""2010"",""2011"",""2012"",""2013"",""2014"",""2015"",""2016"",""2017"",""2018"",""2019"",""2020"","
"Argentina,""ARG"",""Rural population (% of total population)"",""SP.RUR.TOTL.ZS"",""26.389"",""25.783"",""25.233"",""24.691"",""24.156"",""23.631"",""23.112"",""22.602"",""22.099"",""21.606"",""21.12"",""20.679"",""20.257"",""19.842"",""19.433"",""19.031"",""18.634"",""18.245"",""17.861"",""17.484"",""17.113"",""16.687"",""16.241"",""15.806"",""15.379"",""14.962"",""14.555"",""14.157"",""13.767"",""13.387"",""13.016"",""12.672"",""12.458"",""12.248"",""12.04"",""11.836"",""11.634"",""11.436"",""11.241"",""11.048"",""10.858"",""10.671"",""10.49"",""10.314"",""10.14"",""9.96899999999999"",""9.8"",""9.634"",""9.47"",""9.309"",""9.151"",""9.01000000000001"",""8.879"",""8.751"",""8.623"",""8.497"",""8.373"",""8.251"",""8.13"",""8.009"","""","
"Australia,""AUS"",""Rural population (% of total population)"",""SP.RUR.TOTL.ZS"",""18.471"",""18.059"",""17.772"",""17.489"",""17.208"",""16.932"",""16.66"",""16.493"",""16.328"",""16.164"",""16.001"",""15.84"",""15.68"",""15.522"",""15.364"",""15.208"",""15.053"",""14.9"",""14.748"",""14.597"",""14.448"",""14.3"",""14.33"",""14.359"",""14.389"",""14.418"",""14.448"",""14.478"",""14.507"",""14.537"",""14.567"",""14.597"",""14.715"",""14.843"",""14.972"",""15.102"",""15.233"",""15.364"",""15.497"",""15.63"",""15.765"",""15.9"",""15.778"",""15.657"",""15.537"",""15.418"",""15.3"",""15.178"",""15.057"",""14.937"",""14.818"",""14.7"",""14.598"",""14.498"",""14.398"",""14.299"",""14.2"",""14.096"",""13.988"",""13.876"","""","
"Austria,""AUT"",""Rural population (% of total population)"",""SP.RUR.TOTL.ZS"",""35.28"",""35.186"",""35.137"",""35.087"",""35.038"",""34.989"",""34.939"",""34.89"",""34.841"",""34.792"",""34.742"",""34.699"",""34.689"",""34.679"",""34.669"",""34.659"",""34.649"",""34.639"",""34.629"",""34.619"",""34.609"",""34.636"",""34.9"",""35.164"",""35.43"",""35.695"",""35.963"",""36.231"",""36.5"",""36.769"",""37.04"",""37.311"",""37.583"",""37.856"",""38.13"",""38.404"",""38.68"",""38.955"",""39.232"",""39.509"",""39.787"",""40.066"",""40.345"",""40.625"",""40.906"",""41.187"",""41.468"",""41.751"",""42.034"",""42.317"",""42.601"",""42.885"",""42.853"",""42.664"",""42.474"",""42.285"",""42.095"",""41.906"",""41.703"",""41.485"","""","
"Bahamas, The,""BHS"",""Rural population (% of total population)"",""SP.RUR.TOTL.ZS"",""40.288"",""39.546"",""38.807"",""38.074"",""37.358"",""36.657"",""35.96"",""35.27"",""34.584"",""33.907"",""33.236"",""32.571"",""31.912"",""31.262"",""30.619"",""29.983"",""29.353"",""28.734"",""28.121"",""27.516"",""26.898"",""26.157"",""25.429"",""24.715"",""24.013"",""23.326"",""22.653"",""21.993"",""21.346"",""20.716"",""20.162"",""19.933"",""19.707"",""19.482"",""19.26"",""19.039"",""18.82"",""18.604"",""18.389"",""18.176"",""17.993"",""17.951"",""17.908"",""17.866"",""17.824"",""17.782"",""17.74"",""17.698"",""17.657"",""17.615"",""17.573"",""17.524"",""17.468"",""17.404"",""17.332"",""17.254"",""17.168"",""17.075"",""16.975"",""16.868"","""","
"Barbados,""BRB"",""Rural population (% of total population)"",""SP.RUR.TOTL.ZS"",""63.223"",""63.151"",""63.078"",""63.005"",""62.932"",""62.859"",""62.786"",""62.713"",""62.64"",""62.567"",""62.45"",""62.191"",""61.93"",""61.669"",""61.408"",""61.145"",""60.882"",""60.619"",""60.354"",""60.09"",""59.898"",""60.172"",""60.446"",""60.72"",""60.993"",""61.264"",""61.536"",""61.806"",""62.077"",""62.346"",""62.63"",""62.994"",""63.357"",""63.717"",""64.076"",""64.434"",""64.79"",""65.144"",""65.497"",""65.848"",""66.173"",""66.371"",""66.569"",""66.766"",""66.963"",""67.159"",""67.354"",""67.549"",""67.744"",""67.937"",""68.13"",""68.3"",""68.447"",""68.571"",""68.672"",""68.751"",""68.807"",""68.841"",""68.853"",""68.842"","""","
"Belgium,""BEL"",""Rural population (% of total population)"",""SP.RUR.TOTL.ZS"",""7.54000000000001"",""7.446"",""7.321"",""7.16500000000001"",""7.012"",""6.863"",""6.71599999999999"",""6.572"",""6.431"",""6.29300000000001"",""6.157"",""6.024"",""5.89400000000001"",""5.767"",""5.642"",""5.52"",""5.40000000000001"",""5.194"",""4.995"",""4.804"",""4.619"",""4.465"",""4.363"",""4.26300000000001"",""4.16500000000001"",""4.06999999999999"",""3.977"",""3.88500000000001"",""3.79600000000001"",""3.708"",""3.623"",""3.539"",""3.458"",""3.378"",""3.3"",""3.223"",""3.149"",""3.07599999999999"",""3.004"",""2.935"",""2.871"",""2.81399999999999"",""2.759"",""2.70399999999999"",""2.65000000000001"",""2.59699999999999"",""2.54600000000001"",""2.495"",""2.44499999999999"",""2.39700000000001"",""2.349"",""2.30200000000001"",""2.256"",""2.211"",""2.167"",""2.124"",""2.081"",""2.039"",""1.999"",""1.959"","""","
"Botswana,""BWA"",""Rural population (% of total population)"",""SP.RUR.TOTL.ZS"",""96.94"",""96.903"",""96.866"",""96.829"",""96.682"",""96.161"",""95.563"",""94.876"",""94.088"",""93.19"",""92.166"",""91.002"",""90.305"",""89.619"",""88.89"",""88.116"",""87.295"",""86.428"",""85.511"",""84.543"",""83.521"",""82.448"",""80.511"",""78.277"",""75.861"",""73.276"",""70.517"",""67.599"",""64.533"",""61.352"",""58.067"",""54.708"",""53.557"",""52.714"",""51.867"",""51.019"",""50.17"",""49.323"",""48.475"",""47.628"",""46.781"",""45.938"",""45.43"",""44.971"",""44.512"",""44.056"",""43.6"",""42.072"",""40.556"",""39.063"",""37.588"",""36.135"",""35.232"",""34.428"",""33.632"",""32.845"",""32.067"",""31.3"",""30.554"",""29.828"","""","
"Canada,""CAN"",""Rural population (% of total population)"",""SP.RUR.TOTL.ZS"",""30.939"",""30.332"",""29.506"",""28.693"",""27.893"",""27.108"",""26.358"",""25.845"",""25.338"",""24.839"",""24.346"",""23.91"",""24.029"",""24.149"",""24.269"",""24.389"",""24.497"",""24.457"",""24.417"",""24.377"",""24.337"",""24.288"",""24.126"",""23.965"",""23.805"",""23.646"",""23.498"",""23.478"",""23.458"",""23.438"",""23.418"",""23.38"",""23.113"",""22.848"",""22.586"",""22.325"",""22.049"",""21.66"",""21.276"",""20.897"",""20.522"",""20.19"",""20.112"",""20.033"",""19.955"",""19.878"",""19.787"",""19.604"",""19.422"",""19.242"",""19.063"",""18.904"",""18.863"",""18.822"",""18.782"",""18.741"",""18.7"",""18.65"",""18.589"",""18.518"","""","
"Costa Rica,""CRI"",""Rural population (% of total population)"",""SP.RUR.TOTL.ZS"",""65.746"",""65.671"",""65.596"",""65.394"",""64.803"",""64.209"",""63.61"",""63.007"",""62.399"",""61.788"",""61.173"",""60.555"",""59.932"",""59.345"",""58.998"",""58.651"",""58.302"",""57.954"",""57.604"",""57.253"",""56.901"",""56.55"",""56.197"",""55.844"",""55.458"",""54.555"",""53.647"",""52.736"",""51.823"",""50.911"",""49.997"",""49.083"",""48.168"",""47.257"",""46.347"",""45.439"",""44.533"",""43.633"",""42.736"",""41.843"",""40.948"",""39.59"",""38.247"",""36.92"",""35.612"",""34.328"",""33.065"",""31.826"",""30.61"",""29.425"",""28.264"",""27.132"",""26.054"",""25.03"",""24.059"",""23.138"",""22.265"",""21.44"",""20.66"",""19.924"","""","
"Denmark,""DNK"",""Rural population (% of total population)"",""SP.RUR.TOTL.ZS"",""26.313"",""25.583"",""24.907"",""24.243"",""23.591"",""22.952"",""22.381"",""21.837"",""21.302"",""20.778"",""20.263"",""19.761"",""19.269"",""18.789"",""18.317"",""17.854"",""17.4"",""17.114"",""16.831"",""16.552"",""16.277"",""16.085"",""15.975"",""15.866"",""15.757"",""15.649"",""15.542"",""15.435"",""15.329"",""15.223"",""15.157"",""15.129"",""15.102"",""15.075"",""15.048"",""15.021"",""14.994"",""14.967"",""14.94"",""14.914"",""14.9"",""14.85"",""14.75"",""14.64"",""14.434"",""14.144"",""13.902"",""13.707"",""13.513"",""13.346"",""13.205"",""13.043"",""12.858"",""12.708"",""12.59"",""12.474"",""12.358"",""12.243"",""12.126"",""12.006"","""","
"Finland,""FIN"",""Rural population (% of total population)"",""SP.RUR.TOTL.ZS"",""44.71"",""43.679"",""42.838"",""42.002"",""41.168"",""40.342"",""39.52"",""38.705"",""37.894"",""37.092"",""36.296"",""35.477"",""34.634"",""33.803"",""32.981"",""32.169"",""31.366"",""30.577"",""29.798"",""29.03"",""28.273"",""27.472"",""26.627"",""25.798"",""24.985"",""24.192"",""23.433"",""22.709"",""22"",""21.309"",""20.633"",""20.157"",""19.872"",""19.591"",""19.312"",""19.037"",""18.777"",""18.534"",""18.293"",""18.054"",""17.817"",""17.632"",""17.497"",""17.362"",""17.228"",""17.095"",""16.963"",""16.832"",""16.701"",""16.571"",""16.23"",""15.687"",""15.159"",""14.875"",""14.825"",""14.775"",""14.725"",""14.675"",""14.618"",""14.554"","""","
"France,""FRA"",""Rural population (% of total population)"",""SP.RUR.TOTL.ZS"",""38.12"",""37.393"",""36.511"",""35.298"",""34.102"",""32.929"",""31.775"",""30.643"",""29.762"",""29.352"",""28.945"",""28.541"",""28.14"",""27.744"",""27.35"",""27.074"",""27.003"",""26.932"",""26.86"",""26.789"",""26.718"",""26.648"",""26.575"",""26.5"",""26.425"",""26.35"",""26.275"",""26.2"",""26.125"",""26.05"",""25.944"",""25.771"",""25.599"",""25.428"",""25.257"",""25.088"",""24.918"",""24.75"",""24.583"",""24.386"",""24.129"",""23.873"",""23.62"",""23.368"",""23.117"",""22.87"",""22.623"",""22.379"",""22.132"",""21.883"",""21.631"",""21.378"",""21.122"",""20.865"",""20.606"",""20.345"",""20.083"",""19.82"",""19.556"",""19.291"","""","
"Germany,""DEU"",""Rural population (% of total population)"",""SP.RUR.TOTL.ZS"",""28.616"",""28.303"",""28.238"",""28.174"",""28.109"",""28.045"",""27.981"",""27.917"",""27.853"",""27.789"",""27.726"",""27.668"",""27.611"",""27.554"",""27.497"",""27.44"",""27.383"",""27.326"",""27.27"",""27.213"",""27.156"",""27.011"",""26.893"",""26.897"",""27.057"",""27.289"",""27.383"",""27.164"",""27.001"",""27.024"",""26.882"",""26.731"",""26.64"",""26.503"",""26.29"",""26.078"",""25.867"",""25.658"",""25.449"",""25.242"",""25.035"",""24.83"",""24.626"",""24.423"",""24.221"",""24.02"",""23.821"",""23.622"",""23.425"",""23.229"",""23.034"",""22.84"",""22.83"",""22.82"",""22.81"",""22.8"",""22.776"",""22.739"",""22.688"",""22.624"","""","
"Greece,""GRC"",""Rural population (% of total population)"",""SP.RUR.TOTL.ZS"",""44.064"",""43.547"",""42.66"",""41.778"",""40.901"",""40.031"",""39.167"",""38.309"",""37.457"",""36.615"",""35.78"",""35.049"",""34.546"",""34.048"",""33.552"",""33.06"",""32.571"",""32.088"",""31.607"",""31.13"",""30.657"",""30.254"",""30.06"",""29.866"",""29.673"",""29.482"",""29.291"",""29.1"",""28.91"",""28.721"",""28.533"",""28.365"",""28.243"",""28.122"",""28.002"",""27.881"",""27.761"",""27.642"",""27.522"",""27.403"",""27.284"",""27.087"",""26.697"",""26.311"",""25.927"",""25.548"",""25.173"",""24.801"",""24.432"",""24.068"",""23.708"",""23.351"",""22.996"",""22.645"",""22.298"",""21.954"",""21.613"",""21.276"",""20.942"",""20.612"","""","
"Iceland,""ISL"",""Rural population (% of total population)"",""SP.RUR.TOTL.ZS"",""19.7"",""19.197"",""18.703"",""18.219"",""17.744"",""17.28"",""16.825"",""16.379"",""15.943"",""15.517"",""15.1"",""14.731"",""14.37"",""14.017"",""13.67"",""13.331"",""12.998"",""12.674"",""12.356"",""12.045"",""11.74"",""11.467"",""11.2"",""10.938"",""10.681"",""10.43"",""10.184"",""9.943"",""9.706"",""9.476"",""9.25"",""9.068"",""8.88800000000001"",""8.71299999999999"",""8.54000000000001"",""8.37"",""8.203"",""8.04000000000001"",""7.879"",""7.733"",""7.599"",""7.468"",""7.33799999999999"",""7.211"",""7.086"",""6.96299999999999"",""6.84099999999999"",""6.72199999999999"",""6.605"",""6.489"",""6.426"",""6.413"",""6.40000000000001"",""6.367"",""6.333"",""6.3"",""6.265"",""6.227"",""6.187"",""6.145"","""","
"India,""IND"",""Rural population (% of total population)"",""SP.RUR.TOTL.ZS"",""82.076"",""81.968"",""81.782"",""81.595"",""81.405"",""81.215"",""81.023"",""80.829"",""80.634"",""80.438"",""80.24"",""80.009"",""79.679"",""79.347"",""79.009"",""78.668"",""78.323"",""77.974"",""77.621"",""77.264"",""76.902"",""76.583"",""76.353"",""76.121"",""75.887"",""75.652"",""75.415"",""75.177"",""74.937"",""74.695"",""74.453"",""74.222"",""74.016"",""73.809"",""73.601"",""73.393"",""73.183"",""72.972"",""72.76"",""72.547"",""72.333"",""72.082"",""71.756"",""71.428"",""71.097"",""70.765"",""70.431"",""70.094"",""69.754"",""69.413"",""69.07"",""68.724"",""68.366"",""67.997"",""67.616"",""67.223"",""66.818"",""66.4"",""65.97"",""65.528"","""","
"Ireland,""IRL"",""Rural population (% of total population)"",""SP.RUR.TOTL.ZS"",""54.816"",""54.607"",""54.397"",""54.187"",""53.977"",""53.767"",""53.363"",""52.205"",""51.044"",""49.885"",""48.724"",""47.731"",""47.389"",""47.048"",""46.706"",""46.366"",""46.025"",""45.685"",""45.345"",""45.006"",""44.667"",""44.366"",""44.206"",""44.045"",""43.885"",""43.725"",""43.573"",""43.447"",""43.322"",""43.196"",""43.071"",""42.927"",""42.707"",""42.488"",""42.269"",""42.051"",""41.827"",""41.581"",""41.336"",""41.09"",""40.845"",""40.601"",""40.351"",""40.075"",""39.798"",""39.523"",""39.262"",""39.06"",""38.859"",""38.658"",""38.458"",""38.258"",""38.058"",""37.859"",""37.66"",""37.462"",""37.263"",""37.053"",""36.83"",""36.595"","""","
"Israel,""ISR"",""Rural population (% of total population)"",""SP.RUR.TOTL.ZS"",""23.152"",""22.015"",""21.246"",""20.498"",""19.768"",""19.06"",""18.37"",""17.7"",""17.048"",""16.418"",""15.805"",""15.211"",""14.649"",""14.207"",""13.776"",""13.357"",""12.947"",""12.55"",""12.162"",""11.785"",""11.417"",""11.06"",""10.713"",""10.392"",""10.281"",""10.172"",""10.064"",""9.956"",""9.84999999999999"",""9.745"",""9.64100000000001"",""9.53700000000001"",""9.435"",""9.334"",""9.233"",""9.134"",""9.057"",""8.991"",""8.926"",""8.861"",""8.797"",""8.733"",""8.67"",""8.607"",""8.544"",""8.482"",""8.42"",""8.35899999999999"",""8.298"",""8.23699999999999"",""8.17400000000001"",""8.108"",""8.04000000000001"",""7.96899999999999"",""7.896"",""7.821"",""7.744"",""7.664"",""7.58199999999999"",""7.499"","""","
"Italy,""ITA"",""Rural population (% of total population)"",""SP.RUR.TOTL.ZS"",""40.639"",""40.144"",""39.645"",""39.147"",""38.65"",""38.157"",""37.666"",""37.178"",""36.691"",""36.208"",""35.728"",""35.25"",""34.961"",""34.759"",""34.558"",""34.357"",""34.156"",""33.956"",""33.757"",""33.558"",""33.36"",""33.163"",""33.114"",""33.134"",""33.154"",""33.174"",""33.194"",""33.214"",""33.234"",""33.254"",""33.274"",""33.294"",""33.258"",""33.198"",""33.138"",""33.078"",""33.018"",""32.958"",""32.898"",""32.838"",""32.778"",""32.718"",""32.618"",""32.499"",""32.38"",""32.262"",""32.144"",""32.026"",""31.908"",""31.791"",""31.673"",""31.556"",""31.316"",""31.021"",""30.728"",""30.435"",""30.145"",""29.856"",""29.562"",""29.264"","""","
"Jamaica,""JAM"",""Rural population (% of total population)"",""SP.RUR.TOTL.ZS"",""66.231"",""65.5"",""64.761"",""64.015"",""63.26"",""62.501"",""61.735"",""60.964"",""60.185"",""59.404"",""58.676"",""58.142"",""57.605"",""57.067"",""56.528"",""55.987"",""55.443"",""54.9"",""54.355"",""53.809"",""53.261"",""52.714"",""52.187"",""51.984"",""51.78"",""51.576"",""51.372"",""51.168"",""50.964"",""50.76"",""50.556"",""50.344"",""50.104"",""49.864"",""49.625"",""49.385"",""49.145"",""48.905"",""48.665"",""48.426"",""48.186"",""47.947"",""47.749"",""47.563"",""47.375"",""47.189"",""47.002"",""46.816"",""46.629"",""46.443"",""46.257"",""46.07"",""45.868"",""45.65"",""45.416"",""45.167"",""44.902"",""44.622"",""44.326"",""44.015"","""","
"Japan,""JPN"",""Rural population (% of total population)"",""SP.RUR.TOTL.ZS"",""36.728"",""35.787"",""34.856"",""33.936"",""33.028"",""32.134"",""31.296"",""30.484"",""29.684"",""28.898"",""28.123"",""27.334"",""26.548"",""25.78"",""25.025"",""24.284"",""24.056"",""23.998"",""23.94"",""23.882"",""23.825"",""23.727"",""23.617"",""23.507"",""23.397"",""23.288"",""23.165"",""23.038"",""22.912"",""22.787"",""22.661"",""22.527"",""22.39"",""22.254"",""22.119"",""21.984"",""21.855"",""21.728"",""21.602"",""21.477"",""21.351"",""20.01"",""18.353"",""16.804"",""15.36"",""14.022"",""12.882"",""11.854"",""10.897"",""10.011"",""9.188"",""8.931"",""8.852"",""8.774"",""8.696"",""8.619"",""8.54300000000001"",""8.465"",""8.384"",""8.30200000000001"","""","
"Korea, Rep.,""KOR"",""Rural population (% of total population)"",""SP.RUR.TOTL.ZS"",""72.29"",""71.469"",""70.539"",""69.593"",""68.628"",""67.649"",""66.653"",""65.029"",""63.154"",""61.244"",""59.296"",""57.739"",""56.308"",""54.869"",""53.421"",""51.967"",""50.281"",""48.524"",""46.767"",""45.019"",""43.28"",""41.593"",""39.939"",""38.307"",""36.699"",""35.124"",""33.321"",""31.437"",""29.611"",""27.852"",""26.156"",""25.028"",""24.18"",""23.355"",""22.548"",""21.761"",""21.338"",""21.095"",""20.855"",""20.616"",""20.379"",""20.06"",""19.701"",""19.348"",""18.998"",""18.655"",""18.472"",""18.369"",""18.267"",""18.165"",""18.064"",""18.077"",""18.149"",""18.221"",""18.293"",""18.366"",""18.438"",""18.497"",""18.541"",""18.57"","""","
"Luxembourg,""LUX"",""Rural population (% of total population)"",""SP.RUR.TOTL.ZS"",""30.444"",""30.073"",""29.557"",""29.047"",""28.541"",""28.042"",""27.548"",""27.059"",""26.575"",""26.098"",""25.626"",""25.084"",""24.472"",""23.873"",""23.283"",""22.703"",""22.133"",""21.574"",""21.025"",""20.487"",""19.958"",""19.556"",""19.499"",""19.443"",""19.387"",""19.331"",""19.275"",""19.22"",""19.164"",""19.109"",""19.053"",""18.87"",""18.472"",""18.143"",""17.518"",""17.107"",""17.175"",""17.221"",""17.107"",""16.552"",""15.784"",""15.157"",""14.701"",""14.257"",""13.823"",""13.402"",""12.991"",""12.591"",""12.2"",""11.822"",""11.453"",""11.094"",""10.751"",""10.426"",""10.116"",""9.821"",""9.54000000000001"",""9.273"",""9.01900000000001"",""8.777"","""","
"Malta,""MLT"",""Rural population (% of total population)"",""SP.RUR.TOTL.ZS"",""9.871"",""9.931"",""9.992"",""10.052"",""10.114"",""10.175"",""10.236"",""10.298"",""10.318"",""10.31"",""10.301"",""10.292"",""10.284"",""10.275"",""10.266"",""10.258"",""10.249"",""10.24"",""10.232"",""10.223"",""10.215"",""10.206"",""10.197"",""10.189"",""10.18"",""10.172"",""10.093"",""9.97199999999999"",""9.85299999999999"",""9.735"",""9.619"",""9.503"",""9.389"",""9.277"",""9.16500000000001"",""9.054"",""8.819"",""8.508"",""8.20699999999999"",""7.91500000000001"",""7.63200000000001"",""7.35899999999999"",""7.095"",""6.84"",""6.593"",""6.355"",""6.21599999999999"",""6.143"",""6.071"",""5.999"",""5.928"",""5.85899999999999"",""5.789"",""5.721"",""5.65300000000001"",""5.586"",""5.52"",""5.45399999999999"",""5.38800000000001"",""5.322"","""","
"Mauritania,""MRT"",""Rural population (% of total population)"",""SP.RUR.TOTL.ZS"",""93.12"",""92.565"",""91.969"",""91.329"",""90.643"",""89.91"",""89.126"",""88.288"",""87.394"",""86.446"",""85.436"",""84.364"",""83.227"",""82.029"",""80.763"",""79.431"",""78.029"",""76.673"",""75.373"",""74.025"",""72.629"",""71.19"",""69.705"",""68.178"",""66.609"",""65.006"",""63.366"",""61.695"",""60.43"",""60.553"",""60.677"",""60.801"",""60.925"",""61.048"",""61.171"",""61.295"",""61.418"",""61.541"",""61.663"",""61.786"",""61.909"",""61.384"",""60.52"",""59.649"",""58.771"",""57.889"",""57.002"",""56.11"",""55.212"",""54.314"",""53.412"",""52.507"",""51.6"",""50.694"",""49.797"",""48.911"",""48.038"",""47.176"",""46.328"",""45.493"","""","
"Netherlands,""NLD"",""Rural population (% of total population)"",""SP.RUR.TOTL.ZS"",""40.248"",""39.98"",""39.796"",""39.613"",""39.43"",""39.247"",""39.064"",""38.882"",""38.7"",""38.519"",""38.337"",""38.087"",""37.768"",""37.45"",""37.133"",""36.817"",""36.502"",""36.189"",""35.877"",""35.565"",""35.255"",""34.896"",""34.489"",""34.084"",""33.681"",""33.281"",""32.883"",""32.487"",""32.094"",""31.704"",""31.316"",""30.671"",""29.777"",""28.9"",""28.038"",""27.191"",""26.36"",""25.547"",""24.75"",""23.97"",""23.205"",""22.17"",""20.887"",""19.659"",""18.486"",""17.37"",""16.364"",""15.461"",""14.598"",""13.712"",""12.866"",""12.121"",""11.412"",""10.813"",""10.31"",""9.827"",""9.36499999999999"",""8.923"",""8.51000000000001"",""8.124"","""","
"New Zealand,""NZL"",""Rural population (% of total population)"",""SP.RUR.TOTL.ZS"",""24.002"",""23.475"",""22.867"",""22.27"",""21.683"",""21.109"",""20.579"",""20.148"",""19.723"",""19.305"",""18.894"",""18.509"",""18.181"",""17.859"",""17.54"",""17.226"",""16.972"",""16.872"",""16.771"",""16.672"",""16.572"",""16.489"",""16.448"",""16.408"",""16.367"",""16.327"",""16.22"",""15.975"",""15.732"",""15.494"",""15.258"",""15.05"",""14.897"",""14.746"",""14.596"",""14.447"",""14.3"",""14.219"",""14.139"",""14.059"",""13.979"",""13.9"",""13.839"",""13.779"",""13.719"",""13.659"",""13.6"",""13.66"",""13.72"",""13.78"",""13.84"",""13.9"",""13.839"",""13.779"",""13.719"",""13.659"",""13.6"",""13.534"",""13.462"",""13.385"","""","
"Norway,""NOR"",""Rural population (% of total population)"",""SP.RUR.TOTL.ZS"",""50.08"",""49.002"",""47.347"",""45.698"",""44.056"",""42.432"",""40.821"",""39.23"",""37.66"",""36.119"",""34.604"",""33.77"",""33.275"",""32.784"",""32.297"",""31.813"",""31.333"",""30.858"",""30.386"",""29.919"",""29.455"",""29.213"",""29.082"",""28.951"",""28.82"",""28.69"",""28.56"",""28.43"",""28.301"",""28.172"",""28.044"",""27.735"",""27.335"",""26.939"",""26.547"",""26.213"",""25.938"",""25.524"",""24.973"",""24.431"",""23.98"",""23.622"",""23.267"",""22.916"",""22.601"",""22.325"",""22.05"",""21.766"",""21.474"",""21.185"",""20.898"",""20.545"",""20.126"",""19.714"",""19.308"",""18.909"",""18.515"",""18.129"",""17.752"",""17.384"","""","
"Portugal,""PRT"",""Rural population (% of total population)"",""SP.RUR.TOTL.ZS"",""65.045"",""64.656"",""64.278"",""63.899"",""63.517"",""63.134"",""62.75"",""62.364"",""61.975"",""61.586"",""61.196"",""60.803"",""60.409"",""60.015"",""59.618"",""59.221"",""58.821"",""58.422"",""58.021"",""57.619"",""57.215"",""56.779"",""56.262"",""55.743"",""55.223"",""54.702"",""54.18"",""53.658"",""53.133"",""52.609"",""52.085"",""51.531"",""50.87"",""50.211"",""49.551"",""48.891"",""48.23"",""47.572"",""46.914"",""46.257"",""45.601"",""44.956"",""44.334"",""43.713"",""43.093"",""42.478"",""41.863"",""41.251"",""40.641"",""40.036"",""39.433"",""38.833"",""38.237"",""37.648"",""37.064"",""36.486"",""35.914"",""35.348"",""34.789"",""34.236"","""","
"Spain,""ESP"",""Rural population (% of total population)"",""SP.RUR.TOTL.ZS"",""43.433"",""42.697"",""41.692"",""40.694"",""39.702"",""38.722"",""37.749"",""36.786"",""35.832"",""34.892"",""33.962"",""33.152"",""32.459"",""31.776"",""31.099"",""30.43"",""29.769"",""29.117"",""28.473"",""27.838"",""27.211"",""26.721"",""26.485"",""26.251"",""26.018"",""25.787"",""25.556"",""25.327"",""25.1"",""24.874"",""24.649"",""24.472"",""24.39"",""24.308"",""24.226"",""24.144"",""24.062"",""23.981"",""23.9"",""23.819"",""23.738"",""23.657"",""23.467"",""23.222"",""22.978"",""22.737"",""22.498"",""22.26"",""22.024"",""21.79"",""21.558"",""21.327"",""21.098"",""20.867"",""20.634"",""20.398"",""20.16"",""19.92"",""19.679"",""19.435"","""","
"Sweden,""SWE"",""Rural population (% of total population)"",""SP.RUR.TOTL.ZS"",""27.51"",""26.705"",""25.729"",""24.777"",""23.847"",""22.944"",""22.086"",""21.273"",""20.481"",""19.713"",""18.966"",""18.437"",""18.114"",""17.797"",""17.483"",""17.27"",""17.198"",""17.127"",""17.056"",""16.984"",""16.913"",""16.9"",""16.9"",""16.9"",""16.9"",""16.9"",""16.9"",""16.9"",""16.9"",""16.9"",""16.9"",""16.796"",""16.639"",""16.484"",""16.329"",""16.176"",""16.086"",""16.058"",""16.03"",""16.002"",""15.974"",""15.929"",""15.867"",""15.804"",""15.742"",""15.681"",""15.57"",""15.412"",""15.254"",""15.098"",""14.944"",""14.703"",""14.38"",""14.064"",""13.753"",""13.447"",""13.148"",""12.854"",""12.569"",""12.292"","""","
"Switzerland,""CHE"",""Rural population (% of total population)"",""SP.RUR.TOTL.ZS"",""29.076"",""28.757"",""28.461"",""28.166"",""27.873"",""27.583"",""27.294"",""27.007"",""26.721"",""26.439"",""26.157"",""26.008"",""25.954"",""25.9"",""25.846"",""25.792"",""25.738"",""25.684"",""25.63"",""25.576"",""25.523"",""25.534"",""25.594"",""25.654"",""25.714"",""25.773"",""25.833"",""25.893"",""25.954"",""26.014"",""26.074"",""26.131"",""26.185"",""26.238"",""26.292"",""26.346"",""26.4"",""26.454"",""26.508"",""26.562"",""26.617"",""26.625"",""26.599"",""26.573"",""26.548"",""26.522"",""26.496"",""26.47"",""26.444"",""26.419"",""26.393"",""26.369"",""26.347"",""26.326"",""26.304"",""26.282"",""26.261"",""26.239"",""26.203"",""26.151"","""","
"Trinidad and Tobago,""TTO"",""Rural population (% of total population)"",""SP.RUR.TOTL.ZS"",""65.845"",""64.996"",""64.136"",""63.266"",""62.387"",""61.502"",""60.608"",""59.706"",""58.797"",""57.885"",""56.965"",""56.041"",""55.112"",""54.181"",""53.246"",""52.309"",""51.369"",""50.43"",""49.49"",""48.551"",""47.716"",""47.532"",""47.347"",""47.163"",""46.979"",""46.795"",""46.611"",""46.427"",""46.243"",""46.059"",""45.876"",""45.692"",""45.509"",""45.326"",""45.143"",""44.96"",""44.776"",""44.594"",""44.411"",""44.229"",""44.095"",""44.282"",""44.47"",""44.657"",""44.845"",""45.033"",""45.221"",""45.41"",""45.598"",""45.787"",""45.975"",""46.164"",""46.329"",""46.47"",""46.587"",""46.681"",""46.75"",""46.795"",""46.816"",""46.813"","""","
"United Kingdom,""GBR"",""Rural population (% of total population)"",""SP.RUR.TOTL.ZS"",""21.556"",""21.626"",""21.763"",""21.901"",""22.04"",""22.179"",""22.318"",""22.459"",""22.6"",""22.741"",""22.883"",""22.97"",""22.805"",""22.642"",""22.479"",""22.317"",""22.156"",""21.995"",""21.836"",""21.677"",""21.519"",""21.412"",""21.461"",""21.511"",""21.56"",""21.61"",""21.66"",""21.71"",""21.76"",""21.81"",""21.86"",""21.888"",""21.828"",""21.768"",""21.707"",""21.647"",""21.587"",""21.528"",""21.468"",""21.409"",""21.349"",""21.249"",""20.953"",""20.661"",""20.371"",""20.085"",""19.801"",""19.521"",""19.243"",""18.969"",""18.698"",""18.43"",""18.163"",""17.898"",""17.635"",""17.374"",""17.114"",""16.857"",""16.602"",""16.348"","""","
"United States,""USA"",""Rural population (% of total population)"",""SP.RUR.TOTL.ZS"",""30.004"",""29.623"",""29.243"",""28.866"",""28.492"",""28.121"",""27.753"",""27.388"",""27.026"",""26.667"",""26.398"",""26.387"",""26.377"",""26.367"",""26.357"",""26.347"",""26.337"",""26.327"",""26.318"",""26.308"",""26.262"",""26.11"",""25.958"",""25.806"",""25.656"",""25.506"",""25.356"",""25.207"",""25.058"",""24.911"",""24.7"",""24.299"",""23.903"",""23.512"",""23.125"",""22.743"",""22.364"",""21.992"",""21.623"",""21.258"",""20.943"",""20.766"",""20.591"",""20.417"",""20.243"",""20.072"",""19.901"",""19.731"",""19.562"",""19.394"",""19.228"",""19.056"",""18.881"",""18.701"",""18.517"",""18.329"",""18.138"",""17.942"",""17.744"",""17.541"","""","
"Uruguay,""URY"",""Rural population (% of total population)"",""SP.RUR.TOTL.ZS"",""19.759"",""19.538"",""19.319"",""19.101"",""18.886"",""18.672"",""18.461"",""18.251"",""18.042"",""17.836"",""17.632"",""17.43"",""17.229"",""17.03"",""16.833"",""16.613"",""16.194"",""15.785"",""15.384"",""14.991"",""14.606"",""14.231"",""13.862"",""13.502"",""13.15"",""12.806"",""12.442"",""12.074"",""11.715"",""11.367"",""11.027"",""10.696"",""10.373"",""10.06"",""9.755"",""9.458"",""9.16500000000001"",""8.85299999999999"",""8.55"",""8.25700000000001"",""7.97199999999999"",""7.697"",""7.431"",""7.172"",""6.922"",""6.681"",""6.447"",""6.221"",""6.002"",""5.791"",""5.586"",""5.38800000000001"",""5.261"",""5.157"",""5.05500000000001"",""4.955"",""4.85599999999999"",""4.76000000000001"",""4.666"",""4.574"","""","